Time,Symbol,Type,Price,SL,TP,Lots,Profit,Comment,Status
2026-04-21 07:31:00,XAUUSD,SELL,4791.74,4794.29,4787.94,0.01,0,ENTRY,OPEN
2026-04-21 07:31:00,XAUUSD,SELL,4791.76,4794.29,4788.01,0.01,0,ENTRY,OPEN
2026-04-21 07:35:55,Volatility 25 Index,SELL,3166.494,3173.354,3156.203,0.5,0,ENTRY,OPEN
2026-04-21 07:46:42,XAUUSD,SELL,4794.46,4799.09,4787.54,0.01,0,ENTRY,OPEN
2026-04-21 07:46:42,XAUUSD,SELL,4794.46,4799.09,4787.54,0.01,0,ENTRY,OPEN
2026-04-21 07:48:15,XAUUSD,SELL,4792.46,4798.91,4782.81,0.01,0,ENTRY,OPEN
2026-04-21 07:48:15,XAUUSD,SELL,4792.38,4798.91,4782.61,0.01,0,ENTRY,OPEN
2026-04-21 07:48:15,XAUUSD,SELL,4792.38,4798.91,4782.61,0.01,0,ENTRY,OPEN
2026-04-21 08:08:07,XAUUSD,SELL,4783.2,4789.93,4773.14,0.01,0,ENTRY,OPEN
2026-04-21 08:08:07,XAUUSD,SELL,4783.21,4789.93,4773.14,0.01,0,ENTRY,OPEN
2026-04-21 08:11:44,XAUUSD,SELL,4789.94,4794.02,4783.85,0.01,0,ENTRY,OPEN
2026-04-21 08:11:44,XAUUSD,SELL,4789.94,4794.02,4783.85,0.01,0,ENTRY,OPEN
2026-04-21 08:22:08,XAUUSD,SELL,4781.61,4790.06,4768.96,0.01,0,ENTRY,OPEN
2026-04-21 08:22:11,XAUUSD,SELL,4781.78,4790.07,4769.37,0.01,0,ENTRY,OPEN
2026-04-21 09:09:47,XAUUSD,SELL,4780.69,4783.86,4776.0,0.01,0,ENTRY,OPEN
2026-04-21 09:09:49,XAUUSD,SELL,4780.79,4783.86,4776.2,0.01,0,ENTRY,OPEN
2026-04-21 09:09:51,XAUUSD,SELL,4780.9,4783.86,4776.48,0.01,0,ENTRY,OPEN
2026-04-21 09:10:26,XAUUSD,SELL,4783.5,4786.25,4779.4,0.01,0,ENTRY,OPEN
2026-04-21 09:10:27,XAUUSD,BUY,4784.08,0,0,0.01,-3.39,Stop Loss 🛑,CLOSED
2026-04-21 09:10:28,XAUUSD,BUY,4784.08,0,0,0.01,-3.28,Stop Loss 🛑,CLOSED
2026-04-21 09:10:30,XAUUSD,BUY,4784.08,0,0,0.01,-3.2,Stop Loss 🛑,CLOSED
2026-04-21 09:10:31,XAUUSD,SELL,4783.52,4787.16,4778.09,0.01,0,ENTRY,OPEN
2026-04-21 09:10:33,XAUUSD,SELL,4783.5,4787.16,4778.04,0.01,0,ENTRY,OPEN
2026-04-21 09:13:50,XAUUSD,SELL,4784.51,4788.61,4778.38,0.01,0,ENTRY,OPEN
2026-04-21 09:13:50,XAUUSD,SELL,4784.53,4788.61,4778.38,0.01,0,ENTRY,OPEN
2026-04-21 09:13:53,XAUUSD,SELL,4784.48,4788.61,4778.3,0.01,0,ENTRY,OPEN
2026-04-21 09:13:53,XAUUSD,SELL,4784.5,4788.61,4778.35,0.01,0,ENTRY,OPEN
2026-04-21 09:13:55,XAUUSD,SELL,4784.36,4788.61,4778.0,0.01,0,ENTRY,OPEN
2026-04-21 09:46:04,XAUUSD,BUY,4788.8,0,0,0.01,-4.27,Stop Loss 🛑,CLOSED
2026-04-21 09:46:05,XAUUSD,BUY,4788.8,0,0,0.01,-4.03,Stop Loss 🛑,CLOSED
2026-04-21 09:46:06,XAUUSD,BUY,4788.8,0,0,0.01,-4.3,Stop Loss 🛑,CLOSED
2026-04-21 09:46:07,XAUUSD,BUY,4788.8,0,0,0.01,-4.33,Stop Loss 🛑,CLOSED
2026-04-21 09:46:08,XAUUSD,BUY,4788.8,0,0,0.01,-4.44,Stop Loss 🛑,CLOSED
2026-04-21 09:55:59,XAUUSD,SELL,4789.14,4794.37,4781.33,0.01,0,ENTRY,OPEN
2026-04-21 09:56:01,XAUUSD,SELL,4789.13,4794.37,4781.3,0.01,0,ENTRY,OPEN
2026-04-21 09:56:10,XAUUSD,SELL,4789.26,4794.4,4781.57,0.01,0,ENTRY,OPEN
2026-04-21 09:56:40,XAUUSD,SELL,4789.35,4794.43,4781.75,0.01,0,ENTRY,OPEN
2026-04-21 09:56:42,XAUUSD,SELL,4789.35,4794.43,4781.75,0.01,0,ENTRY,OPEN
2026-04-21 10:06:55,XAUUSD,BUY,4781.54,0,0,0.01,7.72,Take Profit 🎯,CLOSED
2026-04-21 10:06:57,XAUUSD,BUY,4781.54,0,0,0.01,7.81,Take Profit 🎯,CLOSED
2026-04-21 10:06:58,XAUUSD,BUY,4781.54,0,0,0.01,7.81,Take Profit 🎯,CLOSED
2026-04-21 10:06:59,XAUUSD,BUY,4780.95,0,0,0.01,8.19,Take Profit 🎯,CLOSED
2026-04-21 10:07:00,XAUUSD,BUY,4780.95,0,0,0.01,8.24,Take Profit 🎯,CLOSED
2026-04-21 10:11:03,XAUUSD,SELL,4781.25,4790.47,4767.44,0.01,0,ENTRY,OPEN
2026-04-21 10:11:05,XAUUSD,SELL,4781.42,4790.5,4767.83,0.01,0,ENTRY,OPEN
2026-04-21 10:11:07,XAUUSD,SELL,4781.5,4790.5,4768.03,0.01,0,ENTRY,OPEN
2026-04-21 10:11:10,XAUUSD,SELL,4781.5,4790.5,4768.03,0.01,0,ENTRY,OPEN
2026-04-21 10:11:12,XAUUSD,SELL,4781.42,4790.5,4767.83,0.01,0,ENTRY,OPEN
2026-04-21 10:30:02,XAUUSD,SELL,4786.2,4791.67,4778.02,0.01,0,ENTRY,OPEN
2026-04-21 10:30:04,XAUUSD,SELL,4786.05,4791.67,4777.64,0.01,0,ENTRY,OPEN
2026-04-21 10:30:06,XAUUSD,SELL,4785.76,4791.71,4776.86,0.01,0,ENTRY,OPEN
2026-04-21 10:30:08,XAUUSD,SELL,4785.62,4791.71,4776.51,0.01,0,ENTRY,OPEN
2026-04-21 10:30:10,XAUUSD,SELL,4785.68,4791.71,4776.66,0.01,0,ENTRY,OPEN
2026-04-21 10:36:56,XAUUSD,SELL,4786.69,4791.58,4779.39,0.01,0,ENTRY,OPEN
2026-04-21 10:43:12,XAUUSD,BUY,4791.66,0,0,0.01,-5.11,Stop Loss 🛑,CLOSED
2026-04-21 10:43:13,XAUUSD,BUY,4791.7,0,0,0.01,-5.5,Stop Loss 🛑,CLOSED
2026-04-21 10:43:13,XAUUSD,BUY,4791.7,0,0,0.01,-5.69,Stop Loss 🛑,CLOSED
2026-04-21 10:43:13,XAUUSD,BUY,4791.71,0,0,0.01,-5.95,Stop Loss 🛑,CLOSED
2026-04-21 10:43:13,XAUUSD,BUY,4791.71,0,0,0.01,-6.09,Stop Loss 🛑,CLOSED
2026-04-21 10:47:59,XAUUSD,BUY,4790.79,4785.09,4798.97,0.01,0,ENTRY,OPEN
2026-04-21 10:48:01,XAUUSD,BUY,4791.02,4785.08,4799.56,0.01,0,ENTRY,OPEN
2026-04-21 10:48:03,XAUUSD,BUY,4790.84,4785.08,4799.11,0.01,0,ENTRY,OPEN
2026-04-21 10:48:05,XAUUSD,BUY,4790.77,4785.08,4798.93,0.01,0,ENTRY,OPEN
2026-04-21 10:48:06,XAUUSD,BUY,4791.01,4785.08,4799.53,0.01,0,ENTRY,OPEN
2026-04-21 11:01:00,XAUUSD,SELL,4784.86,0,0,0.01,-5.97,Stop Loss 🛑,CLOSED
2026-04-21 11:01:00,XAUUSD,SELL,4784.86,0,0,0.01,-6.16,Stop Loss 🛑,CLOSED
2026-04-21 11:01:00,XAUUSD,SELL,4784.86,0,0,0.01,-5.98,Stop Loss 🛑,CLOSED
2026-04-21 11:01:00,XAUUSD,SELL,4784.86,0,0,0.01,-5.95,Stop Loss 🛑,CLOSED
2026-04-21 11:01:00,XAUUSD,SELL,4784.86,0,0,0.01,-6.15,Stop Loss 🛑,CLOSED
2026-04-21 11:02:39,XAUUSD,BUY,4785.8,4782.12,4790.94,0.01,0,ENTRY,OPEN
2026-04-21 11:02:42,XAUUSD,BUY,4785.83,4782.12,4791.02,0.01,0,ENTRY,OPEN
2026-04-21 11:02:43,XAUUSD,BUY,4785.68,4782.11,4790.67,0.01,0,ENTRY,OPEN
2026-04-21 11:02:45,XAUUSD,BUY,4785.73,4782.11,4790.79,0.01,0,ENTRY,OPEN
2026-04-21 11:02:47,XAUUSD,BUY,4785.78,4782.11,4790.92,0.01,0,ENTRY,OPEN
2026-04-21 11:03:45,XAUUSD,SELL,4782.09,0,0,0.01,-3.71,Stop Loss 🛑,CLOSED
2026-04-21 11:03:45,XAUUSD,SELL,4782.09,0,0,0.01,-3.74,Stop Loss 🛑,CLOSED
2026-04-21 11:03:45,XAUUSD,SELL,4782.09,0,0,0.01,-3.59,Stop Loss 🛑,CLOSED
2026-04-21 11:03:45,XAUUSD,SELL,4782.09,0,0,0.01,-3.72,Stop Loss 🛑,CLOSED
2026-04-21 11:03:45,XAUUSD,SELL,4782.09,0,0,0.01,-3.69,Stop Loss 🛑,CLOSED
2026-04-21 11:04:45,XAUUSD,BUY,4784.24,4779.44,4791.06,0.01,0,ENTRY,OPEN
2026-04-21 11:04:47,XAUUSD,BUY,4784.92,4779.39,4792.85,0.01,0,ENTRY,OPEN
2026-04-21 11:04:48,XAUUSD,BUY,4785.15,4779.37,4793.45,0.01,0,ENTRY,OPEN
2026-04-21 11:04:50,XAUUSD,BUY,4785.14,4779.37,4793.42,0.01,0,ENTRY,OPEN
2026-04-21 11:04:52,XAUUSD,BUY,4785.49,4779.34,4794.34,0.01,0,ENTRY,OPEN
2026-04-21 13:09:34,Volatility 25 Index,BUY,3179.285,3175.103,3184.978,0.5,0,ENTRY,OPEN
2026-04-21 13:09:32,XAUUSD,SELL,4778.37,0,0,0.01,-5.88,Stop Loss 🛑,CLOSED
2026-04-21 13:09:32,XAUUSD,SELL,4778.37,0,0,0.01,-5.88,Stop Loss 🛑,CLOSED
2026-04-21 13:09:32,XAUUSD,SELL,4778.37,0,0,0.01,-6.55,Stop Loss 🛑,CLOSED
2026-04-21 13:09:32,XAUUSD,SELL,4778.37,0,0,0.01,-6.78,Stop Loss 🛑,CLOSED
2026-04-21 13:09:32,XAUUSD,SELL,4778.37,0,0,0.01,-6.77,Stop Loss 🛑,CLOSED
2026-04-21 13:09:32,XAUUSD,SELL,4778.37,0,0,0.01,-7.12,Stop Loss 🛑,CLOSED
2026-04-21 13:09:58,Volatility 25 Index,BUY,3179.725,3175.103,3186.078,0.5,0,ENTRY,OPEN
2026-04-21 13:10:01,Volatility 25 Index,BUY,3179.665,3175.657,3185.097,0.5,0,ENTRY,OPEN
2026-04-21 13:10:05,Volatility 25 Index,BUY,3179.392,3175.634,3184.449,0.5,0,ENTRY,OPEN
2026-04-21 13:10:10,Volatility 25 Index,BUY,3179.236,3175.62,3184.079,0.5,0,ENTRY,OPEN
2026-04-21 13:15:40,Volatility 25 Index,BUY,3175.827,3173.661,3178.496,0.5,0,ENTRY,OPEN
2026-04-21 13:15:40,Volatility 25 Index,SELL,3175.595,0,0,0.5,-2.04,Stop Loss 🛑,CLOSED
2026-04-21 13:15:40,Volatility 25 Index,SELL,3175.595,0,0,0.5,-1.9,Stop Loss 🛑,CLOSED
2026-04-21 13:15:40,Volatility 25 Index,SELL,3175.595,0,0,0.5,-1.82,Stop Loss 🛑,CLOSED
2026-04-21 13:15:47,Volatility 25 Index,BUY,3175.657,3173.476,3178.348,0.5,0,ENTRY,OPEN
2026-04-21 13:15:51,Volatility 25 Index,BUY,3175.58,3173.393,3178.281,0.5,0,ENTRY,OPEN
2026-04-21 13:15:56,Volatility 25 Index,BUY,3175.245,3173.029,3177.989,0.5,0,ENTRY,OPEN
2026-04-21 13:15:56,Volatility 25 Index,SELL,3175.013,0,0,0.5,-2.14,Stop Loss 🛑,CLOSED
2026-04-21 13:15:56,Volatility 25 Index,SELL,3175.013,0,0,0.5,-2.36,Stop Loss 🛑,CLOSED
2026-04-21 13:16:03,XAUUSD,BUY,4782.84,4772.65,4797.57,0.01,0,ENTRY,OPEN
2026-04-21 13:21:22,Volatility 25 Index,BUY,3178.332,3171.963,3187.306,0.5,0,ENTRY,OPEN
2026-04-21 13:21:22,Volatility 25 Index,SELL,3178.1,0,0,0.5,1.43,Take Profit 🎯,CLOSED
2026-04-21 13:21:27,Volatility 25 Index,BUY,3178.578,3171.942,3187.953,0.5,0,ENTRY,OPEN
2026-04-21 13:21:26,Volatility 25 Index,SELL,3178.346,0,0,0.5,1.38,Take Profit 🎯,CLOSED
2026-04-21 13:21:32,Volatility 25 Index,BUY,3178.821,3171.921,3188.591,0.5,0,ENTRY,OPEN
2026-04-21 13:21:28,Volatility 25 Index,SELL,3178.513,0,0,0.5,1.34,Take Profit 🎯,CLOSED
2026-04-21 13:21:28,Volatility 25 Index,SELL,3178.513,0,0,0.5,1.46,Take Profit 🎯,CLOSED
2026-04-21 13:21:39,Volatility 25 Index,BUY,3178.598,3171.92,3188.035,0.5,0,ENTRY,OPEN
2026-04-21 13:46:47,Volatility 25 Index,BUY,3180.734,3177.762,3184.612,0.5,0,ENTRY,OPEN
2026-04-21 13:46:49,Volatility 50 Index,BUY,89.5133,89.2419,89.8879,4.0,0,ENTRY,OPEN
2026-04-21 13:48:16,XAUUSD,SELL,4797.73,0,0,0.01,14.77,Take Profit 🎯,CLOSED
2026-04-21 13:48:16,XAUUSD,SELL,4797.73,0,0,0.01,14.77,Take Profit 🎯,CLOSED
2026-04-21 13:53:57,XAUUSD,BUY,4793.39,4789.26,4799.21,0.01,0,ENTRY,OPEN
2026-04-21 13:53:58,Volatility 25 Index,SELL,3184.639,0,0,0.5,1.95,Take Profit 🎯,CLOSED
2026-04-21 13:53:59,Volatility 75 Index,SELL,33815.65,34025.56,33500.78,0.01,0,ENTRY,OPEN
2026-04-21 13:53:58,Volatility 25 Index,SELL,3184.639,0,0,0.5,1.95,Take Profit 🎯,CLOSED
2026-04-21 13:54:42,Volatility 50 Index,SELL,89.2294,0,0,4.0,-1.16,Stop Loss 🛑,CLOSED
2026-04-21 13:54:42,Volatility 50 Index,SELL,89.2294,0,0,4.0,-1.16,Stop Loss 🛑,CLOSED
2026-04-21 13:57:49,XAUUSD,BUY,4794.46,4790.52,4799.99,0.01,0,ENTRY,OPEN
2026-04-21 13:57:50,Volatility 25 Index,SELL,3187.642,0,0,0.5,4.66,Take Profit 🎯,CLOSED
2026-04-21 13:57:50,Volatility 25 Index,SELL,3187.642,0,0,0.5,4.66,Take Profit 🎯,CLOSED
2026-04-21 13:59:51,XAUUSD,BUY,4794.66,4790.52,4800.49,0.01,0,ENTRY,OPEN
2026-04-21 13:59:52,Volatility 25 Index,SELL,3188.218,0,0,0.5,4.74,Take Profit 🎯,CLOSED
2026-04-21 13:59:52,Volatility 25 Index,SELL,3188.218,0,0,0.5,4.74,Take Profit 🎯,CLOSED
2026-04-21 14:03:52,XAUUSD,BUY,4794.69,4790.53,4800.56,0.01,0,ENTRY,OPEN
2026-04-21 14:03:52,Volatility 25 Index,SELL,3188.624,0,0,0.5,4.92,Take Profit 🎯,CLOSED
2026-04-21 14:03:52,Volatility 25 Index,SELL,3188.624,0,0,0.5,4.92,Take Profit 🎯,CLOSED
2026-04-21 14:12:33,XAUUSD,BUY,4792.73,4788.96,4798.01,0.01,0,ENTRY,OPEN
2026-04-21 14:15:14,XAUUSD,BUY,4790.66,4788.03,4794.23,0.01,0,ENTRY,OPEN
2026-04-21 14:15:14,XAUUSD,BUY,4790.66,4788.03,4794.23,0.01,0,ENTRY,OPEN
2026-04-21 14:15:15,XAUUSD,SELL,4790.5,0,0,0.01,-3.96,Stop Loss 🛑,CLOSED
2026-04-21 14:15:15,XAUUSD,SELL,4790.5,0,0,0.01,-3.96,Stop Loss 🛑,CLOSED
2026-04-21 14:15:15,XAUUSD,SELL,4790.5,0,0,0.01,-4.16,Stop Loss 🛑,CLOSED
2026-04-21 14:15:15,XAUUSD,SELL,4790.5,0,0,0.01,-4.16,Stop Loss 🛑,CLOSED
2026-04-21 14:15:15,XAUUSD,SELL,4790.5,0,0,0.01,-4.18,Stop Loss 🛑,CLOSED
2026-04-21 14:15:15,XAUUSD,SELL,4790.5,0,0,0.01,-4.18,Stop Loss 🛑,CLOSED
2026-04-21 14:15:22,XAUUSD,BUY,4790.7,4787.89,4794.54,0.01,0,ENTRY,OPEN
2026-04-21 14:15:55,XAUUSD,BUY,4789.5,4786.68,4793.35,0.01,0,ENTRY,OPEN
2026-04-21 14:15:56,XAUUSD,SELL,4789.26,0,0,0.01,-3.97,Stop Loss 🛑,CLOSED
2026-04-21 14:15:56,XAUUSD,SELL,4789.26,0,0,0.01,-3.97,Stop Loss 🛑,CLOSED
2026-04-21 14:18:03,XAUUSD,BUY,4789.12,4786.49,4792.69,0.01,0,ENTRY,OPEN
2026-04-21 14:18:04,XAUUSD,SELL,4788.96,0,0,0.01,-3.77,Stop Loss 🛑,CLOSED
2026-04-21 14:18:04,XAUUSD,SELL,4788.96,0,0,0.01,-3.77,Stop Loss 🛑,CLOSED
2026-04-21 14:18:34,XAUUSD,BUY,4788.21,4785.48,4791.93,0.01,0,ENTRY,OPEN
2026-04-21 14:18:34,XAUUSD,BUY,4788.2,4785.48,4791.91,0.01,0,ENTRY,OPEN
2026-04-21 14:18:35,XAUUSD,SELL,4788.03,0,0,0.01,-2.63,Stop Loss 🛑,CLOSED
2026-04-21 14:18:35,XAUUSD,SELL,4788.03,0,0,0.01,-2.63,Stop Loss 🛑,CLOSED
2026-04-21 14:18:35,XAUUSD,SELL,4788.03,0,0,0.01,-2.63,Stop Loss 🛑,CLOSED
2026-04-21 14:18:35,XAUUSD,SELL,4788.03,0,0,0.01,-2.63,Stop Loss 🛑,CLOSED
2026-04-21 14:18:43,XAUUSD,BUY,4787.99,4785.26,4791.71,0.01,0,ENTRY,OPEN
2026-04-21 14:18:43,XAUUSD,SELL,4787.83,0,0,0.01,-2.87,Stop Loss 🛑,CLOSED
2026-04-21 14:18:43,XAUUSD,SELL,4787.83,0,0,0.01,-2.87,Stop Loss 🛑,CLOSED
2026-04-21 14:19:01,XAUUSD,BUY,4786.77,4784.08,4790.42,0.01,0,ENTRY,OPEN
2026-04-21 14:19:02,XAUUSD,SELL,4786.62,0,0,0.01,-2.76,Stop Loss 🛑,CLOSED
2026-04-21 14:19:02,XAUUSD,SELL,4786.62,0,0,0.01,-2.76,Stop Loss 🛑,CLOSED
2026-04-21 14:19:05,XAUUSD,BUY,4786.81,4783.68,4790.1,0.01,0,ENTRY,OPEN
2026-04-21 14:19:06,XAUUSD,SELL,4786.24,0,0,0.01,-3.38,Stop Loss 🛑,CLOSED
2026-04-21 14:19:06,XAUUSD,SELL,4786.24,0,0,0.01,-3.38,Stop Loss 🛑,CLOSED
2026-04-21 14:19:09,XAUUSD,BUY,4785.56,4782.77,4789.37,0.01,0,ENTRY,OPEN
2026-04-21 14:19:09,XAUUSD,BUY,4785.61,4782.78,4789.48,0.01,0,ENTRY,OPEN
2026-04-21 14:19:10,XAUUSD,SELL,4785.41,0,0,0.01,-2.79,Stop Loss 🛑,CLOSED
2026-04-21 14:19:10,XAUUSD,SELL,4785.41,0,0,0.01,-2.79,Stop Loss 🛑,CLOSED
2026-04-21 14:19:10,XAUUSD,SELL,4785.41,0,0,0.01,-2.88,Stop Loss 🛑,CLOSED
2026-04-21 14:19:10,XAUUSD,SELL,4785.41,0,0,0.01,-2.88,Stop Loss 🛑,CLOSED
2026-04-21 14:19:25,XAUUSD,BUY,4785.18,4782.21,4789.24,0.01,0,ENTRY,OPEN
2026-04-21 14:19:26,XAUUSD,SELL,4784.89,0,0,0.01,-3.11,Stop Loss 🛑,CLOSED
2026-04-21 14:19:26,XAUUSD,SELL,4784.89,0,0,0.01,-3.11,Stop Loss 🛑,CLOSED
2026-04-21 14:19:55,XAUUSD,BUY,4783.99,4781.06,4788.01,0.01,0,ENTRY,OPEN
2026-04-21 14:19:55,XAUUSD,BUY,4783.87,4780.89,4787.96,0.01,0,ENTRY,OPEN
2026-04-21 14:19:56,XAUUSD,SELL,4784.08,0,0,0.01,-2.69,Stop Loss 🛑,CLOSED
2026-04-21 14:19:56,XAUUSD,SELL,4784.08,0,0,0.01,-2.69,Stop Loss 🛑,CLOSED
2026-04-21 14:19:56,XAUUSD,SELL,4783.68,0,0,0.01,-3.2,Stop Loss 🛑,CLOSED
2026-04-21 14:19:56,XAUUSD,SELL,4783.68,0,0,0.01,-3.2,Stop Loss 🛑,CLOSED
2026-04-21 14:20:22,XAUUSD,SELL,4782.75,0,0,0.01,-2.81,Stop Loss 🛑,CLOSED
2026-04-21 14:20:22,XAUUSD,SELL,4782.75,0,0,0.01,-2.81,Stop Loss 🛑,CLOSED
2026-04-21 14:20:22,XAUUSD,SELL,4782.75,0,0,0.01,-3.09,Stop Loss 🛑,CLOSED
2026-04-21 14:20:22,XAUUSD,SELL,4782.75,0,0,0.01,-3.09,Stop Loss 🛑,CLOSED
2026-04-21 14:20:27,XAUUSD,SELL,4781.98,0,0,0.01,-3.25,Stop Loss 🛑,CLOSED
2026-04-21 14:20:27,XAUUSD,SELL,4781.98,0,0,0.01,-3.25,Stop Loss 🛑,CLOSED
2026-04-21 14:20:45,XAUUSD,SELL,4781.02,0,0,0.01,-3.0,Stop Loss 🛑,CLOSED
2026-04-21 14:20:45,XAUUSD,SELL,4781.02,0,0,0.01,-3.0,Stop Loss 🛑,CLOSED
2026-04-21 14:20:46,XAUUSD,SELL,4780.89,0,0,0.01,-2.97,Stop Loss 🛑,CLOSED
2026-04-21 14:20:46,XAUUSD,SELL,4780.89,0,0,0.01,-2.97,Stop Loss 🛑,CLOSED
2026-04-21 14:22:00,XAUUSD,BUY,4783.05,4776.19,4792.96,0.01,0,ENTRY,OPEN
2026-04-21 14:22:00,XAUUSD,BUY,4783.86,4776.12,4795.09,0.01,0,ENTRY,OPEN
2026-04-21 14:22:01,XAUUSD,BUY,4784.28,4776.08,4796.21,0.01,0,ENTRY,OPEN
2026-04-21 14:22:02,XAUUSD,BUY,4784.55,4776.06,4796.9,0.01,0,ENTRY,OPEN
2026-04-21 14:22:03,XAUUSD,BUY,4784.85,4776.04,4797.69,0.01,0,ENTRY,OPEN
2026-04-21 14:30:09,XAUUSD,SELL,4775.92,0,0,0.01,-7.11,Stop Loss 🛑,CLOSED
2026-04-21 14:30:09,XAUUSD,SELL,4775.92,0,0,0.01,-8.07,Stop Loss 🛑,CLOSED
2026-04-21 14:30:09,XAUUSD,SELL,4775.92,0,0,0.01,-8.36,Stop Loss 🛑,CLOSED
2026-04-21 14:30:09,XAUUSD,SELL,4775.92,0,0,0.01,-8.69,Stop Loss 🛑,CLOSED
2026-04-21 14:30:09,XAUUSD,SELL,4775.92,0,0,0.01,-8.98,Stop Loss 🛑,CLOSED
2026-04-21 14:33:05,XAUUSD,SELL,4782.79,4788.91,4773.64,0.01,0,ENTRY,OPEN
2026-04-21 14:33:07,XAUUSD,SELL,4783.62,4788.99,4775.59,0.01,0,ENTRY,OPEN
2026-04-21 14:33:09,XAUUSD,SELL,4783.84,4789.0,4776.12,0.01,0,ENTRY,OPEN
2026-04-21 14:33:11,XAUUSD,SELL,4784.21,4789.03,4777.1,0.01,0,ENTRY,OPEN
2026-04-21 14:33:13,XAUUSD,SELL,4784.59,4789.06,4777.91,0.01,0,ENTRY,OPEN
2026-04-21 14:34:06,XAUUSD,SELL,4785.84,0,0,0.5,94.5,Strategy Exit 🤖,CLOSED
2026-04-21 14:36:15,XAUUSD,SELL,4788.78,4792.63,4783.03,0.01,0,ENTRY,OPEN
2026-04-21 14:36:17,XAUUSD,SELL,4788.92,4792.78,4783.15,0.01,0,ENTRY,OPEN
2026-04-21 14:36:16,XAUUSD,BUY,4788.94,0,0,0.01,-6.08,Stop Loss 🛑,CLOSED
2026-04-21 14:36:20,XAUUSD,SELL,4788.59,4793.15,4781.77,0.01,0,ENTRY,OPEN
2026-04-21 14:36:18,XAUUSD,BUY,4789.08,0,0,0.01,-5.46,Stop Loss 🛑,CLOSED
2026-04-21 14:36:18,XAUUSD,BUY,4789.08,0,0,0.01,-5.33,Stop Loss 🛑,CLOSED
2026-04-21 14:36:18,XAUUSD,BUY,4789.08,0,0,0.01,-4.89,Stop Loss 🛑,CLOSED
2026-04-21 14:36:18,XAUUSD,BUY,4789.08,0,0,0.01,-4.47,Stop Loss 🛑,CLOSED
2026-04-21 14:36:27,XAUUSD,SELL,4789.77,4793.71,4783.89,0.01,0,ENTRY,OPEN
2026-04-21 14:36:29,XAUUSD,SELL,4789.74,4793.98,4783.41,0.01,0,ENTRY,OPEN
2026-04-21 14:38:32,XAUUSD,SELL,4783.1,4794.85,4765.5,0.01,0,ENTRY,OPEN
2026-04-21 14:38:32,XAUUSD,BUY,4783.86,0,0,0.01,5.95,Take Profit 🎯,CLOSED
2026-04-21 14:38:32,XAUUSD,BUY,4783.22,0,0,0.01,6.62,Take Profit 🎯,CLOSED
2026-04-21 14:38:37,XAUUSD,SELL,4783.18,4794.92,4765.59,0.01,0,ENTRY,OPEN
2026-04-21 14:38:33,XAUUSD,BUY,4782.37,0,0,0.01,6.29,Take Profit 🎯,CLOSED
2026-04-21 14:38:33,XAUUSD,BUY,4782.37,0,0,0.01,6.78,Take Profit 🎯,CLOSED
2026-04-21 14:38:44,XAUUSD,BUY,4781.43,0,0,0.01,6.95,Take Profit 🎯,CLOSED
2026-04-21 14:38:46,XAUUSD,SELL,4783.37,4795.07,4765.9,0.01,0,ENTRY,OPEN
2026-04-21 14:38:48,XAUUSD,SELL,4783.44,4795.07,4766.03,0.01,0,ENTRY,OPEN
2026-04-21 14:38:51,XAUUSD,SELL,4783.04,4795.07,4765.93,0.01,0,ENTRY,OPEN
2026-04-21 14:48:19,XAUUSD,BUY,4781.93,0,0,0.01,0.28,Strategy Exit 🤖,CLOSED
2026-04-21 14:48:19,XAUUSD,BUY,4781.93,0,0,0.01,1.03,Strategy Exit 🤖,CLOSED
2026-04-21 14:48:19,XAUUSD,BUY,4781.93,0,0,0.01,1.72,Strategy Exit 🤖,CLOSED
2026-04-21 14:48:19,XAUUSD,BUY,4781.93,0,0,0.01,1.47,Strategy Exit 🤖,CLOSED
2026-04-21 14:48:19,XAUUSD,BUY,4781.93,0,0,0.01,1.18,Strategy Exit 🤖,CLOSED
2026-04-20 15:23:30,Volatility 50 Index,BUY,84.3268,0,0,0,-0.13,,CLOSED
2026-04-20 15:23:35,Volatility 50 Index,BUY,84.3139,0,0,0,-0.08,,CLOSED
2026-04-20 15:29:50,XAUUSD,SELL,4825.68,0,0,0,10.37,,CLOSED
2026-04-20 15:29:50,XAUUSD,SELL,4825.68,0,0,0,10.14,,CLOSED
2026-04-20 15:29:50,XAUUSD,SELL,4825.68,0,0,0,10.14,,CLOSED
2026-04-20 15:48:47,XAUUSD,SELL,4821.35,0,0,0,2.87,,CLOSED
2026-04-20 15:48:47,XAUUSD,SELL,4821.35,0,0,0,3.03,,CLOSED
2026-04-20 15:48:47,XAUUSD,SELL,4821.35,0,0,0,2.75,,CLOSED
2026-04-20 15:48:48,Volatility 50 Index,BUY,84.064,0,0,0,0.9,,CLOSED
2026-04-20 15:48:48,Volatility 50 Index,BUY,84.064,0,0,0,0.9,,CLOSED
2026-04-20 15:48:48,Volatility 50 Index,BUY,84.064,0,0,0,0.93,,CLOSED
2026-04-20 16:00:31,XAUUSD,SELL,4814.11,0,0,0,-7.54,,CLOSED
2026-04-20 16:00:31,XAUUSD,SELL,4814.11,0,0,0,-7.53,,CLOSED
2026-04-20 16:02:51,XAUUSD,SELL,4811.9,0,0,0,-9.46,,CLOSED
2026-04-20 16:02:51,XAUUSD,SELL,4811.9,0,0,0,-9.47,,CLOSED
2026-04-20 16:02:51,XAUUSD,SELL,4811.9,0,0,0,-9.53,,CLOSED
2026-04-20 16:12:10,Volatility 75 Index,SELL,34001.44,0,0,0,-2.32,,CLOSED
2026-04-20 16:12:10,Volatility 75 Index,SELL,34001.44,0,0,0,-2.29,,CLOSED
2026-04-20 16:12:27,XAUUSD,SELL,4807.49,0,0,0,-10.26,,CLOSED
2026-04-20 16:12:27,XAUUSD,SELL,4807.24,0,0,0,-9.91,,CLOSED
2026-04-20 16:12:27,XAUUSD,SELL,4807.24,0,0,0,-10.13,,CLOSED
2026-04-20 16:12:27,XAUUSD,SELL,4807.24,0,0,0,-9.69,,CLOSED
2026-04-20 16:12:27,XAUUSD,SELL,4807.24,0,0,0,-9.45,,CLOSED
2026-04-20 16:13:20,Volatility 25 Index,SELL,3195.726,0,0,0,2.58,,CLOSED
2026-04-20 16:13:30,Volatility 25 Index,SELL,3195.925,0,0,0,2.8,,CLOSED
2026-04-20 16:21:18,Volatility 25 Index,SELL,3189.911,0,0,0,-1.9300000000000002,,CLOSED
2026-04-20 16:22:16,Volatility 25 Index,SELL,3188.975,0,0,0,-2.46,,CLOSED
2026-04-20 16:51:09,XAUUSD,SELL,4802.72,0,0,0,-10.65,,CLOSED
2026-04-20 16:51:10,XAUUSD,SELL,4802.33,0,0,0,-11.84,,CLOSED
2026-04-20 16:51:10,XAUUSD,SELL,4802.33,0,0,0,-11.5,,CLOSED
2026-04-20 16:51:10,XAUUSD,SELL,4802.33,0,0,0,-11.18,,CLOSED
2026-04-20 16:51:10,XAUUSD,SELL,4802.33,0,0,0,-11.38,,CLOSED
2026-04-20 16:57:36,Volatility 25 Index,SELL,3196.372,0,0,0,2.93,,CLOSED
2026-04-20 17:01:58,Volatility 25 Index,SELL,3197.334,0,0,0,3.2,,CLOSED
2026-04-20 17:02:02,Volatility 25 Index,SELL,3197.547,0,0,0,3.29,,CLOSED
2026-04-20 17:32:46,Volatility 75 Index,BUY,33843.58,0,0,0,3.81,,CLOSED
2026-04-20 17:33:00,Volatility 75 Index,BUY,33807.31,0,0,0,4.16,,CLOSED
2026-04-20 17:33:00,Volatility 75 Index,BUY,33807.31,0,0,0,4.16,,CLOSED
2026-04-20 17:33:48,Volatility 75 Index,BUY,33760.82,0,0,0,2.45,,CLOSED
2026-04-20 17:33:48,Volatility 75 Index,BUY,33760.82,0,0,0,2.48,,CLOSED
2026-04-20 18:17:20,Volatility 50 Index,BUY,84.3669,0,0,0,-1.63,,CLOSED
2026-04-20 18:17:20,Volatility 50 Index,BUY,84.3669,0,0,0,-1.6099999999999999,,CLOSED
2026-04-20 18:17:20,Volatility 50 Index,BUY,84.3669,0,0,0,-1.58,,CLOSED
2026-04-20 18:17:20,Volatility 50 Index,BUY,84.3669,0,0,0,-1.52,,CLOSED
2026-04-20 18:17:20,Volatility 50 Index,BUY,84.3669,0,0,0,-1.49,,CLOSED
2026-04-20 18:58:16,Volatility 25 Index,BUY,3190.198,0,0,0,-2.25,,CLOSED
2026-04-21 00:01:16,XAUUSD,SELL,4828.35,0,0,0,24.25,,CLOSED
2026-04-21 00:01:16,XAUUSD,SELL,4828.35,0,0,0,24.25,,CLOSED
2026-04-21 07:35:57,XAUUSD,BUY,4794.29,0,0,0,-2.52,,CLOSED
2026-04-21 07:35:57,XAUUSD,BUY,4794.29,0,0,0,-2.7199999999999998,,CLOSED
2026-04-21 07:39:41,Volatility 25 Index,BUY,3166.694,0,0,0,-0.31,,CLOSED
2026-04-21 07:39:55,XAUUSD,BUY,4795.95,0,0,0,-0.14,,CLOSED
2026-04-21 07:48:17,XAUUSD,BUY,4792.62,0,0,0,1.8399999999999999,,CLOSED
2026-04-21 07:48:17,XAUUSD,BUY,4792.62,0,0,0,1.8399999999999999,,CLOSED
2026-04-21 07:51:25,XAUUSD,BUY,4788.75,0,0,0,3.63,,CLOSED
2026-04-21 07:51:25,XAUUSD,BUY,4788.75,0,0,0,3.65,,CLOSED
2026-04-21 07:51:25,XAUUSD,BUY,4788.75,0,0,0,3.66,,CLOSED
2026-04-21 07:56:03,XAUUSD,SELL,4785.21,0,0,0,-2.12,,CLOSED
2026-04-21 08:03:50,Volatility 50 Index,SELL,88.6225,0,0,0,-0.1,,CLOSED
2026-04-21 08:03:50,Volatility 50 Index,SELL,88.6225,0,0,0,-0.1,,CLOSED
2026-04-21 08:03:50,Volatility 50 Index,SELL,88.6225,0,0,0,-0.18,,CLOSED
2026-04-21 08:04:14,Volatility 50 Index,SELL,88.6093,0,0,0,-0.1,,CLOSED
2026-04-21 08:04:14,Volatility 50 Index,SELL,88.6093,0,0,0,-0.1,,CLOSED
2026-04-21 08:04:19,Volatility 50 Index,SELL,88.6064,0,0,0,-0.06,,CLOSED
2026-04-21 08:04:19,Volatility 50 Index,SELL,88.6064,0,0,0,-0.06,,CLOSED
2026-04-21 08:04:32,Volatility 50 Index,SELL,88.6238,0,0,0,-0.01,,CLOSED
2026-04-21 08:04:32,Volatility 50 Index,SELL,88.6238,0,0,0,-0.01,,CLOSED
2026-04-21 08:04:49,Volatility 50 Index,SELL,88.6272,0,0,0,-0.07,,CLOSED
2026-04-21 08:04:49,Volatility 50 Index,SELL,88.6272,0,0,0,-0.07,,CLOSED
2026-04-21 08:11:44,XAUUSD,BUY,4790.02,0,0,0,-6.82,,CLOSED
2026-04-21 08:11:44,XAUUSD,BUY,4790.02,0,0,0,-6.77,,CLOSED
2026-04-21 08:16:30,XAUUSD,BUY,4783.85,0,0,0,6.09,,CLOSED
2026-04-21 08:16:30,XAUUSD,BUY,4783.85,0,0,0,6.09,,CLOSED
2026-04-21 09:08:53,XAUUSD,BUY,4779.08,0,0,0,-0.7,,CLOSED
2026-04-21 09:10:26,XAUUSD,BUY,4784.08,0,0,0,-3.39,,CLOSED
2026-04-21 09:10:26,XAUUSD,BUY,4784.08,0,0,0,-3.2800000000000002,,CLOSED
2026-04-21 09:10:26,XAUUSD,BUY,4784.08,0,0,0,-3.2,,CLOSED
2026-04-21 09:13:51,XAUUSD,BUY,4784.64,0,0,0,-3.05,,CLOSED
2026-04-21 09:13:51,XAUUSD,BUY,4784.64,0,0,0,-2.8,,CLOSED
2026-04-21 09:13:51,XAUUSD,BUY,4784.64,0,0,0,-1.1400000000000001,,CLOSED
2026-04-21 09:13:51,XAUUSD,BUY,4784.64,0,0,0,-1.12,,CLOSED
2026-04-21 09:13:51,XAUUSD,BUY,4784.64,0,0,0,-1.16,,CLOSED
2026-04-21 09:46:03,XAUUSD,BUY,4788.8,0,0,0,-4.27,,CLOSED
2026-04-21 09:46:03,XAUUSD,BUY,4788.8,0,0,0,-4.03,,CLOSED
2026-04-21 09:46:03,XAUUSD,BUY,4788.8,0,0,0,-4.3,,CLOSED
2026-04-21 09:46:03,XAUUSD,BUY,4788.8,0,0,0,-4.33,,CLOSED
2026-04-21 09:46:03,XAUUSD,BUY,4788.8,0,0,0,-4.44,,CLOSED
2026-04-21 10:06:54,XAUUSD,BUY,4781.54,0,0,0,7.72,,CLOSED
2026-04-21 10:06:54,XAUUSD,BUY,4781.54,0,0,0,7.8100000000000005,,CLOSED
2026-04-21 10:06:54,XAUUSD,BUY,4781.54,0,0,0,7.8100000000000005,,CLOSED
2026-04-21 10:06:54,XAUUSD,BUY,4780.95,0,0,0,8.19,,CLOSED
2026-04-21 10:06:54,XAUUSD,BUY,4780.95,0,0,0,8.24,,CLOSED
2026-04-21 10:29:35,XAUUSD,BUY,4788.25,0,0,0,-7.0,,CLOSED
2026-04-21 10:29:35,XAUUSD,BUY,4788.25,0,0,0,-6.83,,CLOSED
2026-04-21 10:29:35,XAUUSD,BUY,4788.25,0,0,0,-6.77,,CLOSED
2026-04-21 10:29:35,XAUUSD,BUY,4788.25,0,0,0,-6.8,,CLOSED
2026-04-21 10:29:35,XAUUSD,BUY,4788.25,0,0,0,-6.83,,CLOSED
2026-04-21 10:36:56,XAUUSD,BUY,4786.76,0,0,0,-1.08,,CLOSED
2026-04-21 10:43:12,XAUUSD,BUY,4791.66,0,0,0,-5.11,,CLOSED
2026-04-21 10:43:13,XAUUSD,BUY,4791.7,0,0,0,-5.5,,CLOSED
2026-04-21 10:43:13,XAUUSD,BUY,4791.7,0,0,0,-5.6899999999999995,,CLOSED
2026-04-21 10:43:13,XAUUSD,BUY,4791.71,0,0,0,-5.95,,CLOSED
2026-04-21 10:43:13,XAUUSD,BUY,4791.71,0,0,0,-6.09,,CLOSED
2026-04-21 11:01:00,XAUUSD,SELL,4784.86,0,0,0,-5.97,,CLOSED
2026-04-21 11:01:00,XAUUSD,SELL,4784.86,0,0,0,-6.16,,CLOSED
2026-04-21 11:01:00,XAUUSD,SELL,4784.86,0,0,0,-5.98,,CLOSED
2026-04-21 11:01:00,XAUUSD,SELL,4784.86,0,0,0,-5.95,,CLOSED
2026-04-21 11:01:00,XAUUSD,SELL,4784.86,0,0,0,-6.15,,CLOSED
2026-04-21 11:03:45,XAUUSD,SELL,4782.09,0,0,0,-3.71,,CLOSED
2026-04-21 11:03:45,XAUUSD,SELL,4782.09,0,0,0,-3.74,,CLOSED
2026-04-21 11:03:45,XAUUSD,SELL,4782.09,0,0,0,-3.59,,CLOSED
2026-04-21 11:03:45,XAUUSD,SELL,4782.09,0,0,0,-3.7199999999999998,,CLOSED
2026-04-21 11:03:45,XAUUSD,SELL,4782.09,0,0,0,-3.69,,CLOSED
2026-04-21 13:09:32,XAUUSD,SELL,4778.37,0,0,0,-5.88,,CLOSED
2026-04-21 13:09:32,XAUUSD,SELL,4778.37,0,0,0,-6.55,,CLOSED
2026-04-21 13:09:32,XAUUSD,SELL,4778.37,0,0,0,-6.78,,CLOSED
2026-04-21 13:09:32,XAUUSD,SELL,4778.37,0,0,0,-6.77,,CLOSED
2026-04-21 13:09:32,XAUUSD,SELL,4778.37,0,0,0,-7.12,,CLOSED
2026-04-21 13:15:40,Volatility 25 Index,SELL,3175.595,0,0,0,-2.04,,CLOSED
2026-04-21 13:15:40,Volatility 25 Index,SELL,3175.595,0,0,0,-1.9,,CLOSED
2026-04-21 13:15:40,Volatility 25 Index,SELL,3175.595,0,0,0,-1.8199999999999998,,CLOSED
2026-04-21 13:15:56,Volatility 25 Index,SELL,3175.013,0,0,0,-2.14,,CLOSED
2026-04-21 13:15:56,Volatility 25 Index,SELL,3175.013,0,0,0,-2.36,,CLOSED
2026-04-21 13:21:22,Volatility 25 Index,SELL,3178.1,0,0,0,1.43,,CLOSED
2026-04-21 13:21:26,Volatility 25 Index,SELL,3178.346,0,0,0,1.38,,CLOSED
2026-04-21 13:21:28,Volatility 25 Index,SELL,3178.513,0,0,0,1.34,,CLOSED
2026-04-21 13:21:28,Volatility 25 Index,SELL,3178.513,0,0,0,1.46,,CLOSED
2026-04-21 13:46:46,Volatility 25 Index,SELL,3180.502,0,0,0,1.03,,CLOSED
2026-04-21 13:48:16,XAUUSD,SELL,4797.73,0,0,0,14.77,,CLOSED
2026-04-21 13:53:58,Volatility 25 Index,SELL,3184.639,0,0,0,1.95,,CLOSED
2026-04-21 13:54:42,Volatility 50 Index,SELL,89.2294,0,0,0,-1.16,,CLOSED
2026-04-21 13:57:50,Volatility 25 Index,SELL,3187.642,0,0,0,4.66,,CLOSED
2026-04-21 13:59:52,Volatility 25 Index,SELL,3188.218,0,0,0,4.74,,CLOSED
2026-04-21 14:03:52,Volatility 25 Index,SELL,3188.624,0,0,0,4.92,,CLOSED
2026-04-21 14:12:34,Volatility 75 Index,BUY,33680.46,0,0,0,1.35,,CLOSED
2026-04-21 14:15:15,XAUUSD,SELL,4790.5,0,0,0,-3.96,,CLOSED
2026-04-21 14:15:15,XAUUSD,SELL,4790.5,0,0,0,-4.16,,CLOSED
2026-04-21 14:15:15,XAUUSD,SELL,4790.5,0,0,0,-4.18,,CLOSED
2026-04-21 14:15:56,XAUUSD,SELL,4789.26,0,0,0,-3.9699999999999998,,CLOSED
2026-04-21 14:18:04,XAUUSD,SELL,4788.96,0,0,0,-3.77,,CLOSED
2026-04-21 14:18:35,XAUUSD,SELL,4788.03,0,0,0,-2.63,,CLOSED
2026-04-21 14:18:35,XAUUSD,SELL,4788.03,0,0,0,-2.63,,CLOSED
2026-04-21 14:18:43,XAUUSD,SELL,4787.83,0,0,0,-2.87,,CLOSED
2026-04-21 14:19:02,XAUUSD,SELL,4786.62,0,0,0,-2.76,,CLOSED
2026-04-21 14:19:06,XAUUSD,SELL,4786.24,0,0,0,-3.38,,CLOSED
2026-04-21 14:19:10,XAUUSD,SELL,4785.41,0,0,0,-2.79,,CLOSED
2026-04-21 14:19:10,XAUUSD,SELL,4785.41,0,0,0,-2.88,,CLOSED
2026-04-21 14:19:26,XAUUSD,SELL,4784.89,0,0,0,-3.11,,CLOSED
2026-04-21 14:19:56,XAUUSD,SELL,4784.08,0,0,0,-2.69,,CLOSED
2026-04-21 14:19:56,XAUUSD,SELL,4783.68,0,0,0,-3.2,,CLOSED
2026-04-21 14:20:22,XAUUSD,SELL,4782.75,0,0,0,-2.81,,CLOSED
2026-04-21 14:20:22,XAUUSD,SELL,4782.75,0,0,0,-3.09,,CLOSED
2026-04-21 14:20:27,XAUUSD,SELL,4781.98,0,0,0,-3.25,,CLOSED
2026-04-21 14:20:45,XAUUSD,SELL,4781.02,0,0,0,-3.0,,CLOSED
2026-04-21 14:20:46,XAUUSD,SELL,4780.89,0,0,0,-2.9699999999999998,,CLOSED
2026-04-21 14:30:09,XAUUSD,SELL,4775.92,0,0,0,-7.11,,CLOSED
2026-04-21 14:30:09,XAUUSD,SELL,4775.92,0,0,0,-8.07,,CLOSED
2026-04-21 14:30:09,XAUUSD,SELL,4775.92,0,0,0,-8.36,,CLOSED
2026-04-21 14:30:09,XAUUSD,SELL,4775.92,0,0,0,-8.69,,CLOSED
2026-04-21 14:30:09,XAUUSD,SELL,4775.92,0,0,0,-8.98,,CLOSED
2026-04-21 14:34:06,XAUUSD,SELL,4785.84,0,0,0,94.5,,CLOSED
2026-04-21 14:36:16,XAUUSD,BUY,4788.94,0,0,0,-6.08,,CLOSED
2026-04-21 14:36:18,XAUUSD,BUY,4789.08,0,0,0,-5.46,,CLOSED
2026-04-21 14:36:18,XAUUSD,BUY,4789.08,0,0,0,-5.33,,CLOSED
2026-04-21 14:36:18,XAUUSD,BUY,4789.08,0,0,0,-4.89,,CLOSED
2026-04-21 14:36:18,XAUUSD,BUY,4789.08,0,0,0,-4.47,,CLOSED
2026-04-21 14:38:32,XAUUSD,BUY,4783.86,0,0,0,5.95,,CLOSED
2026-04-21 14:38:32,XAUUSD,BUY,4783.22,0,0,0,6.62,,CLOSED
2026-04-21 14:38:33,XAUUSD,BUY,4782.37,0,0,0,6.29,,CLOSED
2026-04-21 14:38:33,XAUUSD,BUY,4782.37,0,0,0,6.78,,CLOSED
2026-04-21 14:38:44,XAUUSD,BUY,4781.43,0,0,0,6.95,,CLOSED
2026-04-21 14:48:19,XAUUSD,BUY,4781.93,0,0,0,0.28,,CLOSED
2026-04-21 14:48:19,XAUUSD,BUY,4781.93,0,0,0,1.03,,CLOSED
2026-04-21 14:48:19,XAUUSD,BUY,4781.93,0,0,0,1.72,,CLOSED
2026-04-21 14:48:19,XAUUSD,BUY,4781.93,0,0,0,1.47,,CLOSED
2026-04-21 14:48:19,XAUUSD,BUY,4781.93,0,0,0,1.18,,CLOSED
2026-04-21 15:17:18,XAUUSD,SELL,4770.14,0,0,0.5,215.5,Strategy Exit 🤖,CLOSED
2026-04-21 15:17:18,XAUUSD,SELL,4770.14,0,0,0.01,3.83,Strategy Exit 🤖,CLOSED
2026-04-21 15:23:59,XAUUSD,SELL,4771.36,4776.54,4763.61,0.01,0,ENTRY,OPEN
2026-04-21 15:24:01,XAUUSD,SELL,4771.59,4776.56,4764.15,0.01,0,ENTRY,OPEN
2026-04-21 15:24:03,XAUUSD,SELL,4771.42,4776.57,4763.72,0.01,0,ENTRY,OPEN
2026-04-21 15:24:05,XAUUSD,SELL,4771.49,4776.57,4763.89,0.01,0,ENTRY,OPEN
2026-04-21 15:24:07,XAUUSD,SELL,4771.4,4776.57,4763.66,0.01,0,ENTRY,OPEN
2026-04-21 15:30:02,XAUUSD,SELL,4774.2,4778.85,4767.25,0.01,0,ENTRY,OPEN
2026-04-21 15:30:04,XAUUSD,SELL,4776.22,4779.88,4770.76,0.01,0,ENTRY,OPEN
2026-04-21 15:30:03,XAUUSD,BUY,4776.54,0,0,0.01,-5.18,Stop Loss 🛑,CLOSED
2026-04-21 15:30:04,XAUUSD,BUY,4776.56,0,0,0.01,-4.97,Stop Loss 🛑,CLOSED
2026-04-21 15:30:04,XAUUSD,BUY,4776.58,0,0,0.01,-5.17,Stop Loss 🛑,CLOSED
2026-04-21 15:30:04,XAUUSD,BUY,4776.58,0,0,0.01,-5.14,Stop Loss 🛑,CLOSED
2026-04-21 15:30:04,XAUUSD,BUY,4776.58,0,0,0.01,-5.16,Stop Loss 🛑,CLOSED
2026-04-21 15:30:11,XAUUSD,SELL,4776.55,4781.45,4769.22,0.01,0,ENTRY,OPEN
2026-04-21 15:30:13,XAUUSD,SELL,4775.29,4781.45,4766.07,0.01,0,ENTRY,OPEN
2026-04-21 15:30:15,XAUUSD,SELL,4776.02,4781.45,4767.9,0.01,0,ENTRY,OPEN
2026-04-21 15:30:30,XAUUSD,SELL,4777.0,4782.69,4768.49,0.01,0,ENTRY,OPEN
2026-04-21 15:30:29,XAUUSD,BUY,4779.1,0,0,0.01,-2.77,Stop Loss 🛑,CLOSED
2026-04-21 15:31:20,XAUUSD,SELL,4779.45,4783.55,4773.32,0.01,0,ENTRY,OPEN
2026-04-21 15:31:21,XAUUSD,BUY,4779.91,0,0,0.01,-2.46,Stop Loss 🛑,CLOSED
2026-04-21 15:35:28,XAUUSD,SELL,4772.99,4785.34,4754.48,0.01,0,ENTRY,OPEN
2026-04-21 15:35:29,XAUUSD,BUY,4773.27,0,0,0.01,6.18,Take Profit 🎯,CLOSED
2026-04-21 15:39:10,XAUUSD,SELL,4781.35,4785.91,4774.53,0.01,0,ENTRY,OPEN
2026-04-21 15:39:12,XAUUSD,SELL,4781.1,4785.91,4773.9,0.01,0,ENTRY,OPEN
2026-04-21 15:39:11,XAUUSD,BUY,4781.51,0,0,0.01,-5.39,Stop Loss 🛑,CLOSED
2026-04-21 15:39:11,XAUUSD,BUY,4781.51,0,0,0.01,-6.12,Stop Loss 🛑,CLOSED
2026-04-21 15:39:11,XAUUSD,BUY,4781.51,0,0,0.01,-5.48,Stop Loss 🛑,CLOSED
2026-04-21 15:39:17,XAUUSD,SELL,4781.04,4786.66,4772.63,0.01,0,ENTRY,OPEN
2026-04-21 15:39:38,XAUUSD,SELL,4782.6,4787.25,4775.65,0.01,0,ENTRY,OPEN
2026-04-21 15:39:39,XAUUSD,BUY,4782.69,0,0,0.01,-5.89,Stop Loss 🛑,CLOSED
2026-04-21 15:40:10,XAUUSD,BUY,4785.35,0,0,0.01,-12.62,Stop Loss 🛑,CLOSED
2026-04-21 15:40:10,XAUUSD,BUY,4785.91,0,0,0.01,-4.73,Stop Loss 🛑,CLOSED
2026-04-21 15:40:10,XAUUSD,BUY,4785.91,0,0,0.01,-4.62,Stop Loss 🛑,CLOSED
2026-04-21 15:40:25,XAUUSD,BUY,4786.78,0,0,0.01,-5.65,Stop Loss 🛑,CLOSED
2026-04-21 15:40:27,XAUUSD,BUY,4787.33,0,0,0.01,-4.54,Stop Loss 🛑,CLOSED
2026-04-21 15:41:26,XAUUSD,SELL,4787.22,4798.06,4770.99,0.01,0,ENTRY,OPEN
2026-04-21 15:41:28,XAUUSD,SELL,4786.95,4798.08,4770.27,0.01,0,ENTRY,OPEN
2026-04-21 15:41:31,XAUUSD,SELL,4787.13,4798.08,4770.72,0.01,0,ENTRY,OPEN
2026-04-21 15:41:33,XAUUSD,SELL,4786.76,4798.11,4769.76,0.01,0,ENTRY,OPEN
2026-04-21 15:41:35,XAUUSD,SELL,4787.44,4798.11,4771.46,0.01,0,ENTRY,OPEN
2026-04-21 16:02:47,XAUUSD,BUY,4777.88,0,0,0.01,9.34,Strategy Exit 🤖,CLOSED
2026-04-21 16:02:47,XAUUSD,BUY,4777.88,0,0,0.01,9.3,Strategy Exit 🤖,CLOSED
2026-04-21 16:02:47,XAUUSD,BUY,4777.88,0,0,0.01,9.24,Strategy Exit 🤖,CLOSED
2026-04-21 16:02:47,XAUUSD,BUY,4777.88,0,0,0.01,8.82,Strategy Exit 🤖,CLOSED
2026-04-21 16:02:47,XAUUSD,BUY,4777.88,0,0,0.01,9.51,Strategy Exit 🤖,CLOSED
2026-04-21 16:04:47,XAUUSD,SELL,4781.35,4793.61,4762.98,0.01,0,ENTRY,OPEN
2026-04-21 16:05:46,XAUUSD,SELL,4781.7,4792.06,4766.18,0.01,0,ENTRY,OPEN
2026-04-21 16:05:48,XAUUSD,SELL,4782.28,4792.12,4767.54,0.01,0,ENTRY,OPEN
2026-04-21 16:05:51,XAUUSD,SELL,4781.87,4792.12,4766.52,0.01,0,ENTRY,OPEN
2026-04-21 16:05:52,XAUUSD,SELL,4781.62,4792.12,4765.89,0.01,0,ENTRY,OPEN
2026-04-22 08:26:59,XAUUSD,BUY,4763.48,4759.04,4769.77,0.01,0,ENTRY,OPEN
2026-04-22 08:27:01,XAUUSD,BUY,4763.61,4759.03,4770.11,0.01,0,ENTRY,OPEN
2026-04-22 08:27:04,XAUUSD,BUY,4763.74,4759.02,4770.45,0.01,0,ENTRY,OPEN
2026-04-22 08:27:06,XAUUSD,BUY,4764.19,4758.98,4771.63,0.01,0,ENTRY,OPEN
2026-04-22 08:27:08,XAUUSD,BUY,4764.21,4758.98,4771.69,0.01,0,ENTRY,OPEN
